yellow,2.05999,-1.99909,0,0,0,0
blue,3.81053,2.11188,0,0,0,0
yellow,4.18098,-1.87092,0,0,0,0
blue,5.65712,2.34400,0,0,0,0
yellow,6.30231,-1.60362,0,0,0,0
blue,7.45882,2.70639,0,0,0,0
yellow,8.42078,-1.17621,0,0,0,0
blue,9.18484,3.21447,0,0,0,0
yellow,10.52969,-0.55268,0,0,0,0
blue,10.78598,3.88654,0,0,0,0
yellow,12.61204,0.32768,0,0,0,0
blue,12.18503,4.73672,0,0,0,0
yellow,14.62004,1.56327,0,0,0,0
blue,13.27968,5.76406,0,0,0,0
yellow,16.41796,3.28390,0,0,0,0
blue,13.98015,6.95754,0,0,0,0
yellow,17.71845,5.53450,0,0,0,0
blue,14.25053,8.31350,0,0,0,0
yellow,18.24378,8.08125,0,0,0,0
blue,14.11378,9.81060,0,0,0,0
yellow,18.04302,10.55964,0,0,0,0
blue,13.63357,11.38882,0,0,0,0
yellow,17.37350,12.80759,0,0,0,0
blue,12.89238,12.98515,0,0,0,0
yellow,16.43648,14.83970,0,0,0,0
blue,11.96374,14.56426,0,0,0,0
yellow,15.34020,16.70890,0,0,0,0
blue,10.90138,16.11349,0,0,0,0
yellow,14.14172,18.45874,0,0,0,0
blue,9.74204,17.63109,0,0,0,0
yellow,12.87349,20.11987,0,0,0,0
blue,8.51096,19.11979,0,0,0,0
yellow,11.55583,21.71377,0,0,0,0
blue,7.22594,20.58380,0,0,0,0
yellow,10.20238,23.25602,0,0,0,0
blue,5.89986,22.02772,0,0,0,0
yellow,8.82294,24.75822,0,0,0,0
blue,4.54254,23.45620,0,0,0,0
yellow,7.42505,26.22949,0,0,0,0
blue,3.16164,24.87362,0,0,0,0
yellow,6.01472,27.67718,0,0,0,0
blue,1.76343,26.28431,0,0,0,0
yellow,4.59711,29.10746,0,0,0,0
blue,-2.48446,30.51837,0,0,0,0
yellow,0.34591,33.34484,0,0,0,0
blue,-3.90314,31.94523,0,0,0,0
yellow,-1.05570,34.75452,0,0,0,0
blue,-5.31569,33.38812,0,0,0,0
yellow,-2.44137,36.16990,0,0,0,0
blue,-6.71715,34.85299,0,0,0,0
yellow,-3.80512,37.59526,0,0,0,0
blue,-8.10173,36.34686,0,0,0,0
yellow,-5.13965,39.03499,0,0,0,0
blue,-9.46234,37.87833,0,0,0,0
yellow,-6.43579,40.49366,0,0,0,0
blue,-10.78988,39.45833,0,0,0,0
yellow,-7.68150,41.97586,0,0,0,0
blue,-12.07174,41.10131,0,0,0,0
yellow,-8.86036,43.48606,0,0,0,0
blue,-13.28969,42.82699,0,0,0,0
yellow,-9.94935,45.02748,0,0,0,0
blue,-14.41500,44.66347,0,0,0,0
yellow,-10.91496,46.59988,0,0,0,0
blue,-15.39846,46.65091,0,0,0,0
yellow,-11.70814,48.19413,0,0,0,0
blue,-16.14784,48.84159,0,0,0,0
yellow,-12.25989,49.78170,0,0,0,0
blue,-16.48766,51.26884,0,0,0,0
yellow,-12.48783,51.30526,0,0,0,0
blue,-16.15854,53.82822,0,0,0,0
yellow,-12.32115,52.69929,0,0,0,0
blue,-15.03115,56.18459,0,0,0,0
yellow,-11.72514,53.93286,0,0,0,0
blue,-13.32315,58.03905,0,0,0,0
yellow,-10.72035,55.00171,0,0,0,0
blue,-11.34877,59.38141,0,0,0,0
yellow,-9.38597,55.89610,0,0,0,0
blue,-9.27815,60.33793,0,0,0,0
yellow,-7.82595,56.61085,0,0,0,0
blue,-7.17354,61.01752,0,0,0,0
yellow,-6.12501,57.15739,0,0,0,0
blue,-5.05655,61.48891,0,0,0,0
yellow,-4.33847,57.55389,0,0,0,0
blue,-2.93552,61.79298,0,0,0,0
yellow,-2.50071,57.81669,0,0,0,0
blue,-0.81426,61.95386,0,0,0,0
yellow,-0.63407,57.95792,0,0,0,0
blue,1.30522,61.98469,0,0,0,0
yellow,1.24544,57.98514,0,0,0,0
blue,3.42141,61.89064,0,0,0,0
yellow,3.12474,57.90166,0,0,0,0
blue,5.53271,61.67001,0,0,0,0
yellow,4.99118,57.70683,0,0,0,0
blue,7.63685,61.31391,0,0,0,0
yellow,6.83031,57.39607,0,0,0,0
blue,9.73014,60.80440,0,0,0,0
yellow,8.62283,56.96072,0,0,0,0
blue,11.80513,60.11006,0,0,0,0
yellow,10.34032,56.38792,0,0,0,0
blue,13.84537,59.17847,0,0,0,0
yellow,11.93810,55.66246,0,0,0,0
blue,15.80892,57.92370,0,0,0,0
yellow,13.34556,54.77222,0,0,0,0
blue,17.58214,56.22567,0,0,0,0
yellow,14.46448,53.71963,0,0,0,0
blue,18.90899,54.01374,0,0,0,0
yellow,15.19796,52.52102,0,0,0,0
blue,19.48563,51.46537,0,0,0,0
yellow,15.49551,51.18446,0,0,0,0
blue,19.29269,48.95207,0,0,0,0
yellow,15.36762,49.72265,0,0,0,0
blue,18.58049,46.68318,0,0,0,0
yellow,14.87278,48.18413,0,0,0,0
blue,17.57532,44.65865,0,0,0,0
yellow,14.09532,46.63086,0,0,0,0
blue,16.40126,42.81997,0,0,0,0
yellow,13.11520,45.10072,0,0,0,0
blue,15.12171,41.11649,0,0,0,0
yellow,11.99183,43.60724,0,0,0,0
blue,13.77171,39.51254,0,0,0,0
yellow,10.76581,42.15160,0,0,0,0
blue,12.37237,37.98344,0,0,0,0
yellow,9.46460,40.73023,0,0,0,0
blue,10.93762,36.51155,0,0,0,0
yellow,8.10723,39.33801,0,0,0,0
blue,9.47729,35.08388,0,0,0,0
yellow,6.70730,37.96956,0,0,0,0
blue,7.99881,33.69030,0,0,0,0
yellow,5.27500,36.61960,0,0,0,0
blue,6.50802,32.32274,0,0,0,0
yellow,3.81814,35.28324,0,0,0,0
blue,5.00987,30.97448,0,0,0,0
yellow,2.34303,33.95575,0,0,0,0
blue,0.51410,26.99046,0,0,0,0
blue,-0.97103,25.66659,0,0,0,0
yellow,-3.64298,28.64328,0,0,0,0
blue,-2.44185,24.33719,0,0,0,0
yellow,-5.13962,27.29050,0,0,0,0
blue,-3.89286,22.99769,0,0,0,0
yellow,-6.62766,25.91673,0,0,0,0
blue,-5.31740,21.64331,0,0,0,0
yellow,-8.10195,24.51495,0,0,0,0
blue,-6.70715,20.26906,0,0,0,0
yellow,-9.55627,23.07664,0,0,0,0
blue,-8.05114,18.86965,0,0,0,0
yellow,-10.98273,21.59101,0,0,0,0
blue,-9.33452,17.43967,0,0,0,0
yellow,-12.37057,20.04398,0,0,0,0
blue,-10.53639,15.97422,0,0,0,0
yellow,-13.70434,18.41637,0,0,0,0
blue,-11.62637,14.47053,0,0,0,0
yellow,-14.96007,16.68105,0,0,0,0
blue,-12.55944,12.93217,0,0,0,0
yellow,-16.09726,14.79868,0,0,0,0
blue,-13.27035,11.37790,0,0,0,0
yellow,-17.04040,12.71458,0,0,0,0
blue,-13.67544,9.85332,0,0,0,0
yellow,-17.64126,10.37512,0,0,0,0
blue,-13.69449,8.42161,0,0,0,0
yellow,-17.64912,7.82086,0,0,0,0
blue,-13.27990,7.12137,0,0,0,0
yellow,-16.85496,5.32723,0,0,0,0
blue,-12.43670,5.96013,0,0,0,0
yellow,-15.37666,3.24782,0,0,0,0
blue,-11.23080,4.94925,0,0,0,0
yellow,-13.53475,1.67941,0,0,0,0
blue,-9.76423,4.10331,0,0,0,0
yellow,-11.54397,0.52106,0,0,0,0
blue,-8.12903,3.41987,0,0,0,0
yellow,-9.49193,-0.34079,0,0,0,0
blue,-6.38808,2.88499,0,0,0,0
yellow,-7.41103,-0.98199,0,0,0,0
blue,-4.58091,2.48377,0,0,0,0
yellow,-5.31435,-1.44842,0,0,0,0
blue,-2.76234,2.20777,0,0,0,0
yellow,-3.17859,-1.77051,0,0,0,0
big_orange,0.00000,-2.00000,0,0,0,0
big_orange,0.00000,2.00000,0,0,0,0
